run_at,mode,feed,fetched,new
2026-10-04T19:46+09:00,hourly,PR TIMES 新着（直接）,2,0
2026-10-04T19:46+09:00,full,Googleニュース「系統用蓄電池」,63,1
2026-10-04T19:46+09:00,full,Googleニュース「蓄電所」,100,1
2026-10-04T19:46+09:00,full,Googleニュース「太陽光発電」,97,0
2026-10-04T19:46+09:00,full,Googleニュース「メガソーラー・ペロブスカイト」,83,0
2026-10-04T19:46+09:00,full,PR TIMES（蓄電池）,39,0
2026-10-04T19:46+09:00,full,PR TIMES（太陽光）,37,0
2026-10-04T19:46+09:00,full,PR TIMES 新着（直接）,2,0
2026-10-04T19:46+09:00,full,経済産業省（Googleニュース経由）,2,0
2026-10-04T19:46+09:00,full,メガソーラービジネス（日経BP）,15,0
2026-10-04T19:46+09:00,full,環境ビジネス,13,2
2026-10-04T19:46+09:00,full,電気新聞,3,0
2026-10-04T19:46+09:00,full,スマートジャパン,8,0
2026-10-04T19:46+09:00,full,SOLAR JOURNAL,9,0
2026-10-04T19:46+09:00,full,日経クロステック,1,0
2026-10-04T19:46+09:00,full,Googleニュース「営農型太陽光」,25,1
2026-10-04T19:46+09:00,full,Googleニュース「FIT・FIP 太陽光」,25,0
2026-10-04T19:46+09:00,full,Googleニュース「需給調整市場・長期脱炭素電源オークション」,11,0
2026-10-04T19:46+09:00,full,@Press（太陽光・蓄電池）,11,1
2026-10-04T19:46+09:00,full,環境省,7,0
2026-10-04T21:02+09:00,hourly,PR TIMES 新着（直接）,2,0
2026-10-04T21:10+09:00,hourly,PR TIMES 新着（直接）,2,0
2026-10-05T03:19+09:00,hourly,PR TIMES 新着（直接）,1,0
2026-10-05T06:20+09:00,hourly,PR TIMES 新着（直接）,2,0
2026-10-05T06:53+09:00,full,Googleニュース「系統用蓄電池」,63,1
2026-10-05T06:53+09:00,full,Googleニュース「蓄電所」,100,2
2026-10-05T06:53+09:00,full,Googleニュース「太陽光発電」,96,7
2026-10-05T06:53+09:00,full,Googleニュース「メガソーラー・ペロブスカイト」,85,3
2026-10-05T06:53+09:00,full,PR TIMES（蓄電池）,39,0
2026-10-05T06:53+09:00,full,PR TIMES（太陽光）,37,0
2026-10-05T06:53+09:00,full,PR TIMES 新着（直接）,2,0
2026-10-05T06:53+09:00,full,経済産業省（Googleニュース経由）,2,0
2026-10-05T06:53+09:00,full,メガソーラービジネス（日経BP）,18,0
2026-10-05T06:53+09:00,full,環境ビジネス,12,1
2026-10-05T06:53+09:00,full,電気新聞,3,1
2026-10-05T06:53+09:00,full,スマートジャパン,8,0
2026-10-05T06:53+09:00,full,SOLAR JOURNAL,9,0
2026-10-05T06:53+09:00,full,日経クロステック,1,0
2026-10-05T06:53+09:00,full,Googleニュース「営農型太陽光」,24,1
2026-10-05T06:53+09:00,full,Googleニュース「FIT・FIP 太陽光」,25,0
2026-10-05T06:53+09:00,full,Googleニュース「需給調整市場・長期脱炭素電源オークション」,10,0
2026-10-05T06:53+09:00,full,@Press（太陽光・蓄電池）,11,0
2026-10-05T06:53+09:00,full,環境省,7,0
